{"pkg_base_w": [8.038299999316223], "dram_base_w": [3.301900000042224], "pkg_base_percents": [0.0], "dram_base_percents": [43.48243649611523]}